CO_ANO,CO_MES,CO_NCM,CO_UNID,CO_PAIS,SG_UF_NCM,CO_VIA,CO_URF,QT_ESTAT,KG_LIQUIDO,VL_FOB
2022,6,85045000,11,69,MG,4,817600,2,1399,19576
2022,4,39219019,10,586,SP,7,917500,3914,3914,12672
2022,1,44071100,16,249,SC,1,927800,21945,8409167,5177394
2022,11,84672100,11,521,RS,1,817800,10,25,487
2022,10,8072000,10,23,RN,4,417901,55356,55356,71511
2022,9,34013000,10,169,SP,4,817600,1267,1267,12848
2022,2,40169300,10,158,SP,4,817700,359,359,67147
2022,9,68053090,10,580,SP,1,817800,392,392,1243
2022,1,39069019,10,493,SP,1,817800,18000,18000,28286
2022,7,61071100,11,586,SP,7,917500,22292,1361,42077
2022,9,8071100,10,628,RN,1,317900,3015531,3015531,2215727
2022,10,39191010,10,845,SP,7,1017701,5184,5184,26197
2022,12,73269090,10,169,SP,4,817700,1444,1262,26265
2022,7,84385000,11,548,RS,4,817700,691,673,13978
2022,3,21021090,10,467,PA,1,217800,1,1,1
2022,5,73043920,10,249,MG,4,817700,411,411,3833
2022,10,21050010,10,741,RS,1,1017700,51,51,414
2022,12,39095029,10,845,RS,7,1017701,74,74,1200
2022,10,76129011,10,493,SP,1,817800,49532,49526,711176
2022,2,94032000,11,161,SC,1,917800,4,48,2489
2022,4,84834090,11,63,SP,1,817800,1921,2302,34514
2022,3,84672200,11,476,SP,1,817800,1,1,65
2022,8,85021110,11,77,SP,1,817800,9,69187,70934
2022,5,84834090,11,580,RS,4,817700,87,5,940
2022,3,73181500,10,229,SP,1,817800,8,8,909
2022,6,8071900,10,245,BA,1,517800,20,20,18
2022,11,39199020,10,169,PR,4,817700,2,2,154
2022,4,39012029,10,63,RS,7,1017500,2575000,2575000,4651594
2022,4,87089300,11,589,SP,1,817800,4902,20325,344441
2022,5,39229000,10,845,SP,7,1017701,3175,3021,19002
2022,8,76169900,10,586,RS,7,917500,2664,2664,18168
2022,8,23099090,10,158,SC,7,1017500,498240,498240,401902
2022,7,7096000,10,741,RS,1,1017700,99,99,206
2022,1,87089990,10,83,SP,1,817800,174,174,9019
2022,7,3074310,10,741,SP,1,817800,70,70,571
2022,12,7020000,10,351,MA,1,317903,586,586,1000
2022,4,84615090,11,586,SP,7,917500,1,260,12500
2022,8,68041000,10,158,SP,1,817800,11,11,141
2022,1,42023100,11,607,SC,4,817600,1,1,11
2022,12,84099917,11,169,SP,4,817700,1688,187,4201
2022,1,3061710,10,580,SC,1,917800,20,20,232
2022,5,4022110,10,434,RS,1,927502,120,120,157
2022,3,82075011,10,97,PR,7,147600,363,363,3699
2022,12,96062200,10,97,RS,4,817600,346,346,7829
2022,3,33072090,10,301,RJ,1,710251,0,0,2
2022,8,73182900,10,589,SP,1,817800,302,302,19782
2022,10,87019490,11,158,RS,7,1017503,13,88020,914474
2022,3,37013021,15,573,RJ,1,717600,6615,5385,36324
2022,11,32151100,10,586,SP,15,917500,378,378,1391
2022,5,84879000,10,69,SP,4,817600,1,1,152
2022,11,94019900,10,23,SP,4,817700,17,17,1863
2022,1,71131900,10,249,RJ,4,817600,0,0,9319
2022,12,84839000,10,845,RS,7,1017701,210,210,2478
2022,10,8045020,10,63,PE,7,917500,24384,24384,24156
2022,8,84836011,11,23,SP,1,817800,1,3,122
2022,5,68029990,10,249,ES,1,727600,622047,622047,1304887
2022,9,42022900,11,249,RJ,4,817700,21,7,522
2022,10,2071400,10,77,PR,1,917800,27030,27030,43110
2022,11,62111200,11,190,SP,4,817700,2,1,268
2022,6,84133090,11,586,SP,7,917500,2821,6676,79376
2022,6,2032900,10,161,MA,1,317903,43,43,100
2022,12,61089100,11,586,SC,7,917500,34,0,148
2022,9,84439933,10,249,SC,4,817600,519,519,32078
2022,3,90321090,11,249,RS,4,817600,1,0,17
2022,2,84099120,11,317,SP,4,817700,7,1,57
2022,8,94036000,11,249,RS,1,1017700,25183,652780,2028155
2022,5,64059000,13,386,RS,4,817600,307,204,7983
2022,10,30049069,10,493,SP,1,817800,18768,18768,140235
2022,8,19019090,10,586,SP,7,917500,673,673,1843
2022,1,42029200,11,845,SP,7,1017701,1682,189,1256
2022,8,19023000,10,538,ES,1,727600,36,36,189
2022,6,67021000,10,249,RJ,4,717700,27,27,2807
2022,4,8011200,10,361,SP,1,817800,10,10,15
2022,12,23080000,10,365,SP,1,817800,83436,83436,61649
2022,4,85168010,11,687,SE,1,817800,494,18,1279
2022,11,84818099,11,23,SP,1,817800,3044,136,21082
2022,1,64029990,13,670,RS,1,1017700,9096,4965,77205
2022,9,85015290,11,764,SC,1,917800,25,609,7103
2022,11,85122019,11,158,MG,7,1017500,5,1,138
2022,12,83100000,10,434,ES,1,727600,1,1,2
2022,9,87083090,11,589,SP,1,817800,3219,13487,134686
2022,1,85030090,10,245,SP,4,817600,1770,1770,110497
2022,11,61046900,11,169,SC,4,817700,960,132,5592
2022,3,84836019,11,63,SP,1,817800,2012,5173,144120
2022,11,74072110,10,169,SC,4,817700,0,0,22
2022,10,34039900,10,589,SP,1,817800,22950,22950,78241
2022,5,7099919,10,741,ES,1,727600,5,5,19
2022,6,84833010,11,97,RS,7,147600,6,1808,560
2022,3,39269090,10,239,RS,4,817700,2292,2292,15849
2022,5,2071400,10,403,RS,1,927800,185265,185265,397699
2022,12,73182200,10,249,SP,1,817800,145,145,10590
2022,11,73269090,10,845,SC,4,817700,26,26,2903
2022,11,87089100,11,63,PR,7,1017503,17921,26617,358518
2022,11,85443000,10,493,MG,1,717600,168,168,6727
2022,8,94035000,11,589,RS,1,817800,250,21750,22204
2022,12,84198920,11,169,SP,4,817700,4,182,3528
2022,8,94032000,11,505,SP,4,817600,2,224,17
2022,3,40093100,10,845,PR,7,1017701,0,0,33
2022,9,90278999,11,169,SP,1,817800,6014,961,4085
2022,1,4062000,10,467,RS,1,1017700,5,5,62
2022,3,4022130,10,538,SC,1,927700,1,1,4
2022,8,39079100,10,97,SP,7,147600,50535,50535,140168
2022,9,11022000,10,586,PR,7,917500,1755,1755,1052
2022,4,84834010,11,586,RS,7,917500,173,5349,48134
2022,8,83024200,10,275,SP,4,817600,0,0,1349
2022,7,85322410,11,160,SC,4,817700,12000,0,2040
2022,5,70091000,10,158,SP,7,1017500,2165,2169,43718
2022,8,15200010,10,160,RS,1,817800,181201,181201,137995
2022,10,72044900,10,361,PR,1,917800,2186907,2186907,740539
2022,10,73269090,10,249,RJ,4,817700,28,28,341919
2022,12,84313900,10,239,SC,4,817700,4,4,391
2022,8,64029990,13,660,SC,1,1017700,996,551,14166
2022,5,62111100,11,245,RJ,4,717700,5,1,15
2022,8,84099912,11,845,PR,7,1017701,5,756,5458
2022,6,84195010,11,158,MG,7,1017500,1,2,169
2022,4,32141010,10,845,PR,7,1017701,60,60,321
2022,4,7094000,10,160,RS,1,1017700,2,2,2
2022,3,28042100,16,63,RS,7,1017500,13499,22350,21808
2022,10,33072090,10,351,MA,1,317903,0,0,7
2022,12,84798999,11,153,SP,4,817600,25,375,6525
2022,2,83016000,10,169,MG,4,817600,1,1,238
2022,1,3054910,10,77,PA,1,217800,5,5,70
2022,9,94041000,10,586,SC,7,917500,2318,2318,4108
2022,4,82152000,10,232,RS,4,817600,71,71,1975
2022,3,84219999,10,63,SP,7,1017503,40974,41017,605858
2022,3,94035000,11,845,RS,7,1017701,7356,352131,363103
2022,5,8043000,10,741,PR,1,917800,150,150,195
2022,1,84841000,10,239,PR,4,817600,0,0,33
2022,11,40103100,10,589,SP,1,817800,560,560,28400
2022,9,62046300,11,586,SC,7,917500,515,81,6573
2022,10,40169300,10,586,PR,7,917500,8773,182,9910
2022,6,64029990,13,196,RS,4,817600,1118,520,12039
2022,4,40161090,10,351,RS,1,1017700,1,1,15
2022,4,35079049,10,63,SP,7,1017500,12200,12200,71294
2022,10,85437099,11,589,SP,1,817800,53,6,1578
2022,6,87085099,10,63,SP,1,817800,54458,54458,316250
2022,7,59031000,10,249,SP,4,817600,113,113,7929
2022,11,3035300,10,580,PR,1,817800,20,20,46
2022,4,84212100,11,169,RS,4,817700,2,1,398
2022,11,9092100,10,434,MA,1,317903,5,5,19
2022,6,94034000,11,845,PR,7,1010351,25,653,631
2022,12,85411022,11,249,AM,4,817700,5000,14,1500
2022,12,4022130,10,434,ES,1,727600,5,5,19
2022,7,21039091,10,325,AP,0,240151,10,36,60
2022,11,30064012,10,589,PR,4,817600,394,394,6773
2022,10,70071100,11,63,SP,7,917500,3190,7436,16534
2022,7,85261000,11,23,SP,4,817700,1,3,5739
2022,1,84099929,11,361,SP,1,817800,1736,2912,36160
2022,12,64029990,13,80,RS,1,1017700,11460,3959,120254
2022,4,71162090,10,249,MG,4,817700,722,647,87425
2022,9,82011000,10,888,RS,1,917800,7811,7811,22661
2022,6,85389090,10,815,SC,4,817700,0,0,14
2022,7,73170090,10,63,RS,7,1017500,167021,167021,219876
2022,6,84314929,10,249,MG,4,817600,1865,1865,12451
2022,8,30049026,10,169,SP,4,817600,2179,2179,20992
2022,9,21032010,10,301,RJ,1,710251,14,14,52
2022,6,7096000,10,476,PA,1,217800,103,103,330
2022,3,84718000,11,169,RS,4,817700,6,2,359
2022,5,90328929,11,158,SP,4,817700,72,105,48216
2022,10,85044050,11,97,SC,4,817600,1,33,1191
2022,3,48025793,10,687,SP,1,817800,41427,41427,36247
2022,8,38089195,10,239,SP,1,817800,16153,16153,302546
2022,11,7101000,10,301,PR,1,917800,50,50,67
2022,4,84149039,10,169,SC,1,817800,136,136,6595
2022,3,69022010,10,586,SC,15,917500,40174,40238,9340
2022,4,85446000,10,580,SP,4,817700,93,93,1319
2022,11,68029390,10,687,ES,1,817800,26372,26372,9897
2022,3,87163900,11,97,RS,7,147600,6,47640,136611
2022,11,9011110,21,372,MG,1,817800,18,18000,74160
2022,11,3035400,10,476,PA,1,217800,60,60,228
2022,5,73269090,10,158,PR,4,817600,1,1,43
2022,10,87082100,11,239,SP,1,817800,19,14,896
2022,2,73072100,10,245,PR,4,817700,1400,24,1188
2022,10,70109090,10,586,PR,7,917500,376,376,2200
2022,10,12074090,10,827,MA,1,217800,89041,89041,119294
2022,9,69120000,10,580,SC,1,927700,34,34,77
2022,5,96091000,10,628,SP,1,817800,35476,35476,328171
2022,1,84119100,10,275,RJ,4,817600,67,67,21941
2022,1,61046200,11,245,SC,4,817700,19,3,126
2022,1,56074900,10,361,MG,4,817600,76,76,1279
2022,1,73151900,10,317,SP,1,817800,0,0,17
2022,5,62063000,11,40,SC,4,817600,5,0,42
2022,9,84819090,10,365,RJ,4,817600,1,1,596
2022,8,82084000,10,586,SC,7,917500,786,786,6849
2022,2,3048300,10,77,SC,1,927502,30,30,220
2022,4,7129090,10,301,MA,1,317903,51,51,121
2022,10,42010090,10,845,MG,7,1017701,119,119,790
2022,4,7104000,10,476,SP,1,917800,10,10,21
2022,7,84212300,11,365,SP,1,817800,572,434,15471
2022,8,38249929,10,239,SP,1,817800,6080,6080,17632
2022,3,20019000,10,607,SC,1,927502,6,6,43
2022,4,34029039,10,337,RR,7,260152,794,794,884
2022,1,68029390,10,493,ES,1,727600,567488,567488,306142
2022,3,84099999,10,158,SP,4,817700,361,361,43633
2022,2,28183000,10,589,MG,1,817800,52311,52311,20479
2022,1,7069000,10,434,RS,1,1017700,60,60,63
2022,2,40169990,10,158,SP,1,817800,423,423,5415
2022,5,87082991,11,149,SP,4,817700,2,4,64
2022,6,73269090,10,40,SP,4,817600,1,1,94
2022,2,35079042,10,647,SP,4,817700,470,470,12392
2022,7,90261029,11,239,SP,1,817800,2350,954,12797
2022,2,85045000,11,249,MG,4,817600,16,3014,53587
2022,3,64039990,13,845,RS,7,1010351,1271,755,9173
2022,12,22011000,17,476,SP,1,817800,45289,44805,13321
2022,10,2064900,10,40,PR,1,927800,2480,2480,3465
2022,9,16041310,10,580,ES,1,727600,89,89,824
2022,8,33059000,10,275,SP,4,817600,4875,4875,93479
2022,5,85014019,11,249,ES,1,927700,6444,103006,808220
2022,1,85334011,11,589,RS,4,817700,800,16,1914
2022,8,39221000,10,845,SC,7,1017701,859,859,3585
2022,3,85011019,11,63,SP,7,1017500,728,558,16090
2022,11,71132000,10,628,RS,4,817700,0,0,1209
2022,9,73079200,10,40,ES,4,817600,368,368,2267
2022,5,90328982,11,589,RS,4,817600,2373,677,40605
2022,4,84842000,10,160,RJ,4,817700,0,0,14793
2022,10,87085080,11,521,SP,1,817800,2,0,112
2022,12,29362890,10,249,SP,4,817700,1364,1364,71869
2022,2,4051000,10,476,RJ,1,710251,25,25,140
2022,11,84679900,10,158,SP,7,1017500,8,8,487
2022,8,87169090,10,97,SP,7,147600,9577,9577,40754
2022,10,87085099,10,493,RJ,1,717600,7,7,176
2022,6,23040090,21,190,RS,1,1017700,65150,65150000,31752089
2022,9,39081023,10,399,SP,1,817800,725,725,1572
2022,1,85364100,11,158,SP,7,1017500,1431,128,3591
2022,12,87089482,11,756,SP,4,817600,9,141,2475
2022,6,84136019,11,589,SP,1,817800,262,1252,19024
2022,6,20011000,10,301,AL,1,517800,8,8,52
2022,3,8039000,10,163,PA,1,217800,140,140,167
2022,8,82079000,10,169,SP,4,817600,55,55,6444
2022,11,85332900,11,687,MG,4,817700,1,0,11
2022,3,59113200,10,63,SC,7,917500,1426,1426,200555
2022,7,56022100,10,196,RS,1,927800,0,0,154
2022,12,64029990,13,249,RS,4,817700,1800,822,24619
2022,10,94012000,11,63,SP,7,1017504,32,936,6722
2022,2,85362000,11,169,SC,1,927800,16339,3747,66260
2022,8,90318099,11,97,AC,7,230155,24,6,227
2022,5,2032900,10,741,RS,1,927800,1368730,1368730,3460961
2022,7,34025000,10,467,SP,1,817800,815,815,851
2022,3,87089100,11,63,PR,7,1017500,672,4855,56853
2022,10,32091010,10,756,SP,1,817800,78046,78046,57959
2022,2,84219910,10,63,SP,7,1017500,27,27,961
2022,12,68043000,10,589,SP,1,817800,62,62,443
2022,6,85176277,11,351,AM,1,227600,23250,7,3734
2022,6,44071100,16,249,RS,1,927800,4596,2224891,1489610
2022,12,40169300,10,97,MG,7,147600,0,0,424
2022,4,85389010,11,158,SP,4,817700,9,91,4864
2022,6,7061000,10,137,SP,1,817800,55,55,113
2022,5,38249931,10,589,RS,1,1017700,86,86,694
2022,1,17019900,21,845,SP,7,1010253,701,698400,296447
2022,9,44170090,11,573,RO,1,227600,31850,24163,53555
2022,5,84186940,11,580,SP,1,817800,39,1774,45394
2022,9,56074900,10,845,RS,7,1010252,7,7,165
2022,6,84073490,11,169,SP,1,817800,2,165,1401
2022,12,84829190,10,169,SP,4,817600,20,0,8256
2022,11,90221319,11,63,SP,7,1017500,98,4749,87235
2022,5,94039100,10,149,RS,4,817600,2136,2136,14207
2022,9,40103100,10,239,SP,1,817800,249,249,13352
2022,12,90211010,10,169,SP,4,817700,70,70,26830
2022,10,90328982,11,249,RS,4,817700,5344,420,226332
2022,10,84244100,11,337,RS,1,927800,462,1003,9111
2022,5,85079090,10,827,PR,4,817600,213,213,14607
2022,1,90318099,11,249,SP,4,817600,31,84,7860
2022,4,94036000,11,647,RS,1,927800,414,15895,167987
2022,9,40021919,10,845,SC,7,1017701,12000,12000,44280
2022,12,96089989,10,476,SP,1,1017700,36,36,103
2022,8,33021000,10,493,SC,1,817800,714,714,3491
2022,6,17019900,21,160,ES,1,727600,0,46,58
2022,7,19021100,10,580,RS,1,1017700,91,91,204
2022,11,20081100,10,80,SP,1,817800,5,5,28
2022,6,70134900,10,196,SP,1,817800,20013,20013,34165
2022,11,73181900,10,249,SP,1,817800,29043,29043,300390
2022,6,83100000,10,275,SP,4,817600,0,0,1140
2022,8,17049090,10,97,SP,7,147600,17043,17043,16672
2022,5,90192020,10,90,SP,1,817800,0,0,34
2022,9,87088000,11,87,SP,1,817800,548,1549,14999
2022,5,48139000,10,249,RS,4,817600,23979,23979,1357165
2022,4,84136090,11,845,SP,7,1010351,1,36,792
2022,9,84842000,10,97,SP,7,147600,63,63,19965
2022,10,7031019,10,476,RS,1,1017700,190,190,232
2022,7,84136019,11,169,RS,1,817800,3,7,940
2022,12,63011000,11,580,RS,1,1017700,3,1,18
2022,5,17049010,10,158,SP,7,917500,842,842,2795
2022,12,5040090,10,351,MT,1,917800,666691,666691,1208826
2022,3,95069900,11,845,MG,7,1017701,40,18,397
2022,7,7061000,10,160,BA,1,517800,40,40,42
2022,12,8045020,10,245,BA,4,817600,45968,45968,55460
2022,9,73181600,10,158,SC,4,817600,324,324,2326
2022,6,61082100,11,628,SP,4,817700,11,5,74
2022,4,48181000,10,586,PR,7,917500,333568,333568,461000
2022,10,84212100,11,169,PR,4,817600,90,37,1231
2022,10,84818099,11,589,SP,4,817700,1866,160,24103
2022,4,42022900,11,586,SC,7,917500,27,5,271
2022,5,87089990,10,160,RS,4,817600,23,206,1635
2022,12,17019900,21,229,SP,1,817800,1748,1748000,858585
2022,4,21039091,10,580,MA,1,317903,54,54,398
2022,1,8072000,10,434,ES,1,727600,53,53,59
2022,8,7070000,10,741,MA,1,317903,149,154,151
2022,10,39172900,10,158,RS,7,1017500,55,55,703
2022,5,84123110,11,493,RS,4,817600,94,54,3391
2022,8,84179000,10,586,PR,7,917500,258,258,25490
2022,6,85164000,11,586,RJ,7,917500,705,745,11260
2022,5,87089100,11,158,PR,4,817700,1,1,166
2022,1,48041100,10,756,SC,1,927800,710274,710274,465499
2022,11,38089999,10,169,SP,1,817800,78985,78985,172219
2022,12,20052000,10,580,MA,1,317903,28,28,191
2022,1,28444090,10,573,SP,4,817600,744,744,4000
2022,10,61083100,11,239,SC,4,817700,1250,176,5977
2022,6,88073000,10,625,RJ,4,817700,0,0,136
2022,1,73261900,10,337,SP,1,817800,18,18,303
2022,3,2032900,10,580,SC,1,927700,489,489,1978
2022,7,40051090,10,245,RS,1,817800,1500,1500,6970
2022,6,7051100,10,467,SC,1,927502,10,10,26
2022,12,64022000,13,160,CE,4,817600,1380,435,7799
2022,2,8061000,10,434,RS,1,1017700,55,55,213
2022,9,85363090,11,589,SC,1,817800,1,10,7604
2022,7,64039990,13,275,SP,4,817600,19,19,8827
2022,1,19023000,10,573,SP,1,817800,138,138,628
2022,8,8093020,10,741,MA,1,317903,40,40,35
2022,4,90173020,11,735,SP,1,817800,35,4,86
2022,8,90184919,11,345,PR,4,817700,1626,16,1545
2022,7,30049068,10,647,SP,4,817600,12,12,736
2022,5,18063110,10,573,SP,1,817800,3,3,105
2022,5,73181600,10,386,SP,1,817800,914,914,6306
2022,8,17023020,10,169,SP,4,817700,1120,1120,1737
2022,12,39269090,10,63,RS,7,1017503,20269,20269,96417
2022,9,7119000,10,351,SP,1,817800,6,6,19
2022,10,21032090,10,741,BA,1,517800,18,18,24
2022,11,21069090,10,158,SP,7,1017503,248588,248588,384857
2022,12,62042900,11,245,SC,4,817600,3,1,40
2022,3,84099190,10,249,SC,1,817800,2276,1479,90602
2022,9,8055000,10,399,MA,1,317903,10,10,7
2022,10,21023000,10,580,RS,1,1017700,10,10,100
2022,1,84833090,11,628,SP,1,817800,5,70,2198
2022,9,44123900,16,442,PR,1,927800,46,28000,17538
2022,4,84522910,11,63,RS,7,1017500,10,640,26550
2022,7,84137090,11,149,SP,1,817800,4,4936,142448
2022,9,84842000,10,345,MG,1,817800,0,0,27
2022,9,7032090,10,538,ES,1,727600,10,10,52
2022,11,39259090,10,589,SP,1,817800,13029,13029,120790
2022,4,8071900,10,301,CE,1,520100,25,25,49
2022,10,39241000,10,97,RJ,7,147600,2754,2754,51364
2022,4,48052500,10,756,SC,1,927800,94031,94031,50259
2022,1,48025610,10,386,SP,1,817800,1263605,1263605,671933
2022,12,63021000,10,580,SC,1,917800,8,8,50
2022,6,87089990,10,586,RS,7,917500,3013,3013,19494
2022,9,85452000,10,249,SP,4,817600,105,105,40120
2022,1,15021019,10,351,RS,1,1017700,57710,57710,304518
2022,6,39199020,10,589,SP,1,817800,1,1,174
2022,11,44123900,16,611,PR,1,917800,930,474841,298509
2022,9,40169300,10,97,SP,7,147600,2235,2210,111366
2022,9,29153100,10,196,SP,1,817800,145600,145600,236828
2022,5,61012000,11,586,SC,7,917500,19274,4508,82982
2022,11,90183924,11,149,SP,1,817800,166000,1101,40129
2022,2,71171900,10,249,PR,4,817600,80,80,1030
2022,9,87089990,10,576,RS,4,817600,11,11,79
2022,7,7070000,10,476,PA,1,217800,200,200,253
2022,2,63059000,10,628,MG,4,617700,2,2,46
2022,7,84818092,11,586,SC,7,917500,8,2,666
2022,10,87083090,11,169,SP,1,817800,12823,43344,346521
2022,10,2032900,10,244,SC,1,927800,189942,189942,526641
2022,8,39202019,10,317,SP,1,817800,183563,183563,518473
2022,7,38140090,10,586,SP,7,917500,43001,43001,117627
2022,8,8039000,10,580,SC,1,917800,80,80,93
2022,1,96062900,10,580,SP,1,817800,2,1,8
2022,4,42031000,10,845,SP,4,817700,5,5,666
2022,8,94052900,10,249,PR,4,817700,108,108,7178
2022,12,90184999,11,586,PR,7,917500,462,167,4090
2022,10,21033021,10,301,AL,1,440151,1,1,8
2022,12,39269090,10,239,RS,1,1017700,1403,1403,5088
2022,8,87088000,11,63,PR,4,817600,12,42,171
2022,2,82055100,10,623,RS,1,927800,20,20,546
2022,3,87089481,11,493,SP,1,817800,197,556,6315
2022,12,2071400,10,676,SC,1,927800,1621484,1621484,3956120
2022,12,73041900,10,776,MG,1,717800,6618,6394,6374
2022,7,39269040,10,249,SP,1,817800,5269,5269,293815
2022,1,8059000,10,301,MA,1,317903,45,45,56
2022,6,3028990,10,249,BA,4,817600,57358,57358,484544
2022,7,40027000,10,63,RS,7,1017500,21600,21600,87782
2022,10,20058000,10,163,ES,1,727600,6,6,33
2022,4,82029100,10,580,SP,1,817800,3,3,75
2022,11,64039990,13,244,RS,4,817600,1260,1012,40515
2022,1,82055900,10,741,SP,4,817700,64,64,1879
2022,4,29224220,10,580,ES,1,517800,5,5,34
2022,10,85365090,11,158,SP,7,1017500,4032,506,13671
2022,9,73181500,10,63,RS,7,1017503,14000,14000,85159
2022,5,44091000,16,249,PR,1,927700,15284,7409550,22854687
2022,6,59090000,10,63,SP,4,817700,6,6,4348
2022,12,70091000,10,345,SP,1,817800,2,2,270
2022,10,18069000,10,351,MA,1,317903,62,62,402
2022,10,8071100,10,573,SC,1,927800,30,30,20
2022,8,68159990,10,586,SP,4,817700,0,0,5
2022,10,8061000,10,267,PR,1,917800,10,10,24
2022,11,84149033,11,521,SP,1,817800,4,10,101
2022,5,34029039,10,163,PR,1,917800,12,12,38
2022,3,85411022,11,160,SP,4,817600,30000,1,942
2022,3,28363000,10,399,PR,4,817600,52,52,368
2022,3,87085099,10,23,SP,4,817700,20,22,753
2022,1,39269010,10,317,SP,1,817800,0,0,24
2022,7,84339090,10,63,MG,7,1017503,1193,1193,7860
2022,10,40091290,10,63,SP,7,1017503,1233,1233,88503
2022,4,8045010,10,573,SP,4,817600,4221,4221,8380
2022,12,8071900,10,375,RN,1,317900,225014,225014,141573
2022,12,85122011,11,647,SP,4,817600,10,19,1230
2022,4,82054000,10,97,RS,7,147600,1400,1400,13986
2022,1,84159090,10,63,SP,7,1017503,11957,11957,194701
2022,6,18040000,21,63,BA,1,517800,165,165000,881513
2022,1,73072200,10,361,SC,4,817600,28,28,312
2022,12,73209000,10,158,SC,4,817700,12,12,486
2022,4,33011300,10,63,RJ,7,1017500,179,179,4161
2022,3,44072990,16,361,MT,1,917800,2167,1943653,1093971
2022,10,70191900,10,249,SP,1,817800,1220,1220,16760
2022,10,49111090,10,97,MG,7,147600,57,57,10
2022,5,19053100,10,301,RJ,1,717800,33,33,87
2022,5,94051110,10,337,SP,4,817700,1,1,218
2022,1,8105000,10,580,ES,1,727600,43,43,156
2022,10,84799090,10,239,SC,4,817700,800,800,21751
2022,1,73182100,10,169,SP,1,817800,301,301,14743
2022,9,84139190,10,586,SP,7,917500,4164,4164,170171
2022,3,53050090,10,493,BA,1,517800,26000,26000,42120
2022,3,68029100,10,438,ES,1,717600,116883,116883,24622
2022,8,87089990,10,386,SP,4,817700,3,3,7473
2022,1,38249929,10,63,SP,1,817800,6510,6510,21701
2022,11,71171900,10,275,RS,4,817600,0,0,237
2022,5,87087010,11,63,SP,7,1017504,9,592,5282
2022,6,7032090,10,580,PR,1,917800,102,102,513
2022,1,21041011,10,628,MA,1,317903,7,7,30
2022,2,84213990,11,586,SC,7,917500,54,262,2691
2022,9,84149039,10,247,SP,1,817800,872,872,7561
2022,2,84839000,10,158,SP,4,817700,4232,4232,79007
2022,6,49029000,10,245,SP,1,817800,1241,1241,3103
2022,4,85015210,11,586,SP,7,917500,36,9734,111555
2022,5,84099930,11,158,PR,4,817700,6,18,393
2022,2,4012010,10,434,SC,1,927700,516,516,474
2022,9,10059010,10,493,MT,1,217800,167535945,167535945,45976450
2022,2,12019000,21,267,SP,1,917800,150,150170,80151
2022,9,84818019,11,244,SP,1,817800,150,22,321
2022,1,61046200,11,154,PR,4,817600,28,13,539
2022,2,40161010,10,249,MG,4,817600,57,45,525
2022,10,95069900,11,845,RS,7,1017701,5428,14119,97226
2022,4,28181090,10,386,SP,1,817800,81500,81500,89656
2022,7,87087010,11,317,RS,1,927800,66,4100,29502
2022,3,90328989,11,589,SP,4,817600,12,6,8539
2022,6,84213990,11,239,SP,1,817800,3705,6447,41857
2022,1,34021190,10,169,SP,4,817700,1202,1202,5444
2022,10,84818095,11,586,PR,7,917500,7343,826,6943
2022,11,29232000,10,63,RS,7,1017500,17600,17600,63146
2022,3,27129000,10,845,SP,7,1010252,784,784,500
2022,8,73269090,10,776,GO,1,817800,677362,677362,817311
2022,3,84833010,11,63,SP,7,1017500,80,5,1073
2022,2,68118200,10,586,PR,15,917500,122979,122979,29696
2022,12,2109911,10,573,SC,1,927800,1756935,1756935,5039684
2022,1,84198999,11,40,RJ,1,817800,4,120,155
2022,2,41141000,15,149,RS,1,1017700,2819,2859,33152
2022,3,90328929,11,63,SP,4,817700,37,6,1413
2022,1,7096000,10,767,PA,1,217800,30,30,193
2022,4,48025610,10,845,SP,7,1010252,50118,50118,45106
2022,6,48101999,10,63,SP,7,917500,907993,907993,1144555
2022,11,96033000,11,586,RS,7,917500,708,32,992
2022,12,8025100,10,741,SP,1,817800,5,5,174
2022,10,8071900,10,43,SP,1,817800,73,73,114
2022,10,19053100,10,77,SP,1,817800,67,67,274
2022,5,12019000,21,372,MG,1,817800,53333,53323002,34587746
2022,11,73181500,10,23,SP,1,817800,4451,4451,42536
2022,7,38089419,10,63,SP,7,1017500,44251,44251,208924
2022,11,39263000,10,586,RS,7,917500,1027,1027,12994
2022,4,73202010,10,589,SP,4,817600,8,2,1346
2022,12,16024900,10,77,RS,1,1017800,22,22,96
2022,3,96035000,11,275,SP,1,817800,85,10,923
2022,1,70091000,10,63,MG,7,1017500,1942,1943,47842
2022,5,30049099,10,158,SP,4,817700,4451,4451,451989
2022,11,87082992,11,589,SP,1,817800,282,330,7596
2022,7,19012000,10,249,SP,1,817800,94405,94405,99139
2022,12,39169090,10,586,RS,7,917500,1712,1712,10139
2022,9,48025599,10,493,SP,1,817800,6093,6093,11247
2022,8,21069029,10,434,SP,1,817800,34,34,330
2022,8,73202010,10,149,SP,1,817800,25,25,105
2022,5,87089990,10,845,PR,7,1010252,27,27,196
2022,6,11010010,10,476,PR,1,917800,615,615,621
2022,7,38089199,10,580,SP,1,817800,1946,1946,21368
2022,12,40169990,10,827,MG,1,717600,317,317,2789
2022,9,84139190,10,756,SP,4,817700,21,21,970
2022,7,62121000,11,845,ES,4,817600,169,5,707
2022,7,84335990,11,580,RS,1,917800,1,2123,18747
2022,11,17049020,10,383,RS,1,927700,13914,13914,28882
2022,4,73042931,10,80,RJ,1,717600,91,91,1994
2022,12,42022900,11,607,SP,4,817600,6,0,5
2022,6,61032300,11,97,SC,4,817600,297,1,3427
2022,10,3074310,10,476,ES,1,727600,76,76,602
2022,8,39249000,10,275,RS,4,817700,19,19,254
2022,5,84136011,11,249,SC,4,817600,492,1816,58702
2022,2,84818099,11,845,SP,7,1017701,262,71,3202
2022,3,22083020,17,580,ES,1,727600,3,3,13
2022,1,85389090,10,820,SP,4,817600,879,879,34943
2022,12,32089039,10,351,SP,1,1017800,128,128,479
2022,9,2071400,10,493,RS,1,927800,597912,597912,1641732
2022,3,85043199,11,317,RS,4,817600,50,8,310
2022,12,7142000,10,741,RJ,1,710251,10,10,10
2022,5,84834090,11,589,SC,4,817700,2,1,223
2022,7,29419099,10,434,SP,1,817800,5,0,8
2022,3,39092029,10,63,SP,7,1017503,6228,6228,5044
2022,4,84879000,10,63,RS,7,1017500,25,25,3261
2022,7,64029990,13,249,RS,4,817700,10560,6990,165857
2022,2,73182200,10,63,SP,7,1017503,1076,1075,26019
2022,7,34031900,10,149,SP,4,817600,6,6,150
2022,3,87085099,10,158,SP,4,817700,811,811,28162
2022,3,2071200,10,467,SC,1,927700,45,45,146
2022,9,39232990,10,23,SP,4,817600,0,0,0
2022,1,9011110,21,607,MG,1,817800,719,721950,2543352
2022,7,10059010,10,399,MS,1,817800,2887915,2887915,754918
2022,12,8083000,10,301,AL,1,417902,20,20,74
2022,1,73181500,10,589,SP,4,817700,1678,1678,41275
2022,4,87088000,11,776,SP,1,817800,2690,2330,19968
2022,6,85423221,11,249,SP,4,817600,1,0,3318
2022,2,7109000,10,476,SP,1,817800,1200,260,405
2022,9,19012000,10,538,ES,1,727600,2,2,5
2022,7,90258000,11,249,SP,4,817600,2,1,474
2022,5,21031090,10,580,RS,1,1017700,156,156,329
2022,1,85118090,11,169,SP,4,817700,3,5,2814
2022,9,20087090,10,476,ES,1,727600,5,5,29
2022,2,16010000,10,337,RR,7,260152,7496,7496,17968
2022,1,40151900,13,81,SP,1,1017700,6,9,17
2022,10,73110000,10,249,ND,1,817800,35,35,4315
2022,2,73182900,10,158,SP,4,817700,498,498,26592
2022,7,69072100,15,63,SC,7,1017500,181936,4099015,2383359
2022,5,84824000,11,63,SP,7,1017503,106191,6397,141293
2022,6,87089990,10,63,SP,7,1017503,253868,253532,3044504
2022,12,84212100,11,845,SP,7,1017701,155,1898,20273
2022,5,40103300,10,485,SP,1,817800,1,1,97
2022,5,22011000,17,607,BA,1,517800,577,560,190
2022,11,7051100,10,232,SP,1,817800,89,89,375
2022,12,2064900,10,40,SC,1,927800,375871,375871,363592
2022,7,7049000,10,23,PA,1,217800,6,6,11
2022,12,15121911,10,580,SP,1,817800,305,305,998
2022,3,4014021,10,476,BA,1,517800,144,144,200
2022,3,49111010,10,845,SP,7,1017701,5,5,2
2022,10,84219999,10,589,SP,4,817600,116,113,7155
2022,7,44123900,16,764,PR,1,917800,2728,1535778,1391655
2022,1,68053090,10,589,SP,4,817600,75,75,10270
2022,1,40112090,11,63,MG,7,1017503,350,18283,57488
2022,6,33059000,10,386,MG,4,617700,390,377,2399
2022,3,32041990,10,586,SP,7,917500,225,225,6593
2022,8,64041100,13,399,SP,4,817700,341,293,4162
2022,12,62059090,11,249,SP,4,817700,2,0,3959
2022,7,84198999,11,169,SP,1,817800,3,1724,61070
2022,9,84249090,10,23,SP,1,817800,6087,6087,126504
2022,4,7069000,10,476,SP,1,817800,101,101,172
2022,7,2032100,10,476,PR,1,917800,30,30,105
2022,6,90328990,11,845,SP,7,1010351,2,0,121
2022,10,3046100,10,137,RS,1,1017700,40,40,340
2022,12,21033021,10,476,PR,1,917800,12,12,9
2022,12,38244000,10,158,SP,7,1017500,3040,3040,4720
2022,10,3035400,10,467,RJ,1,710251,30,30,105
2022,9,90262090,11,97,SP,7,147600,18,5,1540
2022,8,68029390,10,647,ES,1,817800,491252,496867,223678
2022,10,7095900,10,351,PR,1,927700,10,10,15
2022,9,85168010,11,493,RS,1,1017700,96,29,2056
2022,2,11010010,10,580,BA,1,517800,30,30,32
2022,9,84836090,11,158,SP,4,817600,3,752,9063
2022,3,84821090,11,589,PR,1,917800,12,2,153
2022,12,73249000,10,97,SP,7,147600,16,16,214
2022,7,85044050,11,759,MG,4,817600,1,5,53
2022,11,83079000,10,245,SC,1,927800,500,500,5943
2022,8,90269020,10,63,SP,4,817700,6,6,708
2022,5,7061000,10,476,PR,1,917800,443,443,759
2022,4,83024900,10,586,BA,7,917500,2,2,118
2022,10,5040090,10,281,PR,1,927800,25820,25820,14887
2022,8,30024290,10,850,SP,4,817600,733,729,123696
2022,4,4012010,10,137,SP,12,817800,72,72,90
2022,2,7020000,10,434,PA,0,210200,20,20,35
2022,3,39202090,10,586,SP,7,917500,157,157,2831
2022,3,73071910,10,845,SC,7,1017701,9102,9102,65092
2022,6,82029100,10,97,SP,7,147600,305,305,9965
2022,5,52071000,10,586,RS,7,917500,437,437,4432
2022,7,4069030,10,434,SP,1,817800,99,99,1114
2022,7,7099990,10,580,SP,1,817800,1071,1071,2017
2022,3,39199090,10,607,SP,4,817600,1,0,248
2022,1,84779000,10,741,SP,1,817800,12,12,910
2022,8,85432000,11,647,SP,7,1017701,1,0,90
2022,7,84831090,11,158,SP,4,817600,10,2,34248
2022,12,84249090,10,239,SP,4,817700,141,141,6621
2022,11,84099190,10,399,SP,4,817600,0,0,3
2022,6,5119999,10,69,PR,1,917800,6408,6408,164609
2022,6,22083020,17,351,SP,1,817800,13,10,341
2022,7,7070000,10,301,RJ,1,710251,54,54,25
2022,2,84818099,11,169,SP,1,817800,218,30,5030
2022,5,70200090,10,249,SP,4,817700,0,0,240
2022,5,62044200,11,845,SP,7,1017701,7,4,255
2022,7,22060010,17,160,MA,1,317903,14,13,130
2022,8,84136019,11,169,SP,4,817700,210,673,22788
2022,7,85437092,11,493,SP,1,817800,2085,2689,63795
2022,2,7099300,10,163,PR,1,917800,325,325,160
2022,2,90230000,10,23,SP,4,817700,0,0,77
2022,7,38140090,10,476,PR,1,927700,3,70,227
2022,2,84833029,11,586,SP,15,917500,22,6,328
2022,4,72281090,10,149,SP,1,817800,278,278,2879
2022,9,48211000,10,239,RS,4,817600,58,58,8400
2022,2,44123900,16,249,SC,1,927700,17086,9252740,7456532
2022,7,28289011,10,467,SP,1,817800,224,224,959
2022,10,96151900,10,249,SP,4,817700,6,6,18
2022,5,40101100,10,158,SP,7,1017503,46004,46004,212648
2022,2,16025000,10,476,SP,1,917800,41,36,220
2022,12,84099111,11,845,MG,7,1017701,4,2,680
2022,11,84733042,11,249,SP,4,817700,419,487,112803
2022,4,85115010,11,63,SP,7,1017500,85,489,9266
2022,5,44123100,16,607,PA,1,217800,47,24730,30203
2022,8,60069000,10,586,PR,15,917500,470,470,3648
2022,8,68029990,10,249,ES,1,717600,11589627,11592497,27863409
2022,9,22083020,17,476,ES,1,727600,9,12,218
2022,6,85363090,11,169,RS,4,817700,24,4,1131
2022,11,76151000,10,249,RJ,4,717700,50,5,267
2022,2,65050022,10,845,SC,7,1017701,143,143,3407
2022,8,64039990,13,249,SP,4,817700,3300,1787,75926
2022,5,30043999,10,249,SP,4,817700,18,18,13200
2022,3,33059000,10,249,CE,4,817600,140,141,4484
2022,4,85389090,10,488,SP,4,817600,0,0,450
2022,11,73202090,10,169,SP,4,817700,10,10,216
2022,7,84329000,10,97,SP,7,147600,36113,36113,208309
2022,5,61022000,11,169,SC,4,817700,823,8,4070
2022,9,63023100,10,249,MG,4,817600,7,7,480
2022,2,19041000,10,476,BA,1,517800,4,4,50
2022,1,74199990,10,455,RJ,4,817600,1,1,832
2022,7,20082090,10,476,MA,1,317903,20,20,59
2022,2,87085099,10,63,PR,1,927800,836,854,6552
2022,6,85364900,11,493,SP,1,817800,72,7,1638
2022,3,84137010,11,63,SP,7,1017500,124,20599,194771
2022,8,61062000,11,399,SC,4,817700,144,58,2557
2022,5,62046900,11,647,SC,4,817600,7,3,63
2022,4,3035400,10,628,ES,1,727600,20,20,52
2022,6,38245000,10,586,PR,15,917500,247271,247271,21716
2022,12,87082999,11,845,SP,7,1010351,2624,11157,75973
2022,6,40169300,10,586,PR,7,917500,1590,1590,13128
2022,10,87088000,11,63,SP,7,1017503,143122,330654,2827129
2022,1,72279000,10,160,MG,1,717600,112554,112554,55263
2022,1,33059000,10,589,SP,1,817800,31927,31927,123375
2022,9,96151900,10,63,SC,7,1017500,0,0,9
2022,1,84129090,10,63,SP,7,1017500,6,6,2325
2022,8,84841000,10,196,SP,1,817800,34,34,1147
2022,12,90322000,11,169,SP,4,817600,5,1,565
2022,12,83023000,10,63,PR,7,1017503,2866,2866,36271
2022,9,87081000,11,158,SP,7,1017500,1902,5137,50469
2022,10,64035990,13,196,SP,4,817600,32,40,1404
2022,8,73269090,10,169,PR,4,817600,1,1,26
2022,8,40111000,11,239,RJ,1,717600,3428,44773,373716
2022,4,73182200,10,741,SP,4,817700,0,0,7
2022,9,39262000,10,586,PR,7,917500,23,23,6731
2022,6,84716053,11,858,SP,4,817600,410,4,2781
2022,6,84192000,11,40,MG,4,817600,2,37,949
2022,6,48191000,10,158,SC,7,1017500,12717,12717,24259
2022,2,15171000,10,434,PR,1,917800,1,1,2
2022,4,74072910,10,249,SP,1,817800,48708,48708,574510
2022,5,87089300,11,493,SP,7,147600,1,1,44
2022,12,64022000,13,589,CE,4,817600,396,138,3180
2022,1,22090000,17,741,RS,1,1017700,37,37,18
2022,9,8072000,10,23,ES,4,817600,73752,73752,93972
2022,7,84209900,10,493,SP,4,817600,4,4,1900
2022,4,19019090,10,850,RS,7,260151,910458,910458,4004333
2022,4,5111000,22,177,SP,4,817700,300,0,1284
2022,4,96032100,11,434,PA,1,217800,2,1,2
2022,8,96081000,11,249,RS,4,817600,100,5,10
2022,7,39174090,10,63,RS,7,1017500,188,188,3516
2022,11,38112190,10,399,RJ,1,817800,9120,9120,28501
2022,4,8023200,10,476,SP,1,817800,10,25,155
2022,11,62024000,11,317,SP,4,817700,63,19,1638
2022,6,17049020,10,735,SP,1,817800,9006,9006,14493
2022,5,87034000,11,158,SP,7,1017503,56,80125,939574
